<?xml version='1.0' encoding='UTF-8'?>
<image h="80" w="120"><stack><layer composite-op="svg:src-over" name="10. klatka (80ms) (replace)" opacity="1.0" src="data/000.png" visibility="hidden" x="0" y="0" /><layer composite-op="svg:src-over" name="9. klatka (80ms) (replace)" opacity="1.0" src="data/001.png" visibility="hidden" x="0" y="0" /><layer composite-op="svg:src-over" name="8. klatka (80ms) (replace)" opacity="1.0" src="data/002.png" visibility="hidden" x="0" y="0" /><layer composite-op="svg:src-over" name="7. klatka (80ms) (replace)" opacity="1.0" src="data/003.png" visibility="hidden" x="0" y="0" /><layer composite-op="svg:src-over" name="6. klatka (80ms) (replace)" opacity="1.0" src="data/004.png" visibility="hidden" x="0" y="0" /><layer composite-op="svg:src-over" name="5. klatka (80ms) (replace)" opacity="1.0" src="data/005.png" visibility="hidden" x="0" y="0" /><layer composite-op="svg:src-over" name="4. klatka (80ms) (replace)" opacity="1.0" src="data/006.png" visibility="hidden" x="0" y="0" /><layer composite-op="svg:src-over" name="3. klatka (80ms) (replace)" opacity="1.0" src="data/007.png" visibility="hidden" x="0" y="0" /><layer composite-op="svg:src-over" name="2. klatka (80ms) (replace)" opacity="1.0" src="data/008.png" visibility="hidden" x="0" y="0" /><layer composite-op="svg:src-over" name="Tło (80ms)" opacity="1.0" src="data/009.png" visibility="hidden" x="0" y="0" /></stack></image>